{"cameraMode":{"drawMode":0,"name":"Shaded","section":"Shading Mode"},"sceneLighting":false,"audioPlay":false,"sceneViewState":{"showFog":true,"showMaterialUpdate":true,"showSkybox":true,"showFlares":true,"showImageEffects":true,"showParticleSystems":true},"in2DMode":false,"pivot":{"x":0.08577346801757813,"y":0.5199999809265137,"z":3.542196273803711},"rotation":{"x":0.17464686930179597,"y":0.47716066241264346,"z":-0.09739024937152863,"w":0.8557636141777039},"size":0.5715766549110413,"orthographic":false}