{"cameraMode":{"drawMode":0,"name":"Shaded","section":"Shading Mode"},"sceneLighting":false,"audioPlay":false,"sceneViewState":{"showFog":true,"showMaterialUpdate":true,"showSkybox":true,"showFlares":true,"showImageEffects":true,"showParticleSystems":true},"in2DMode":false,"pivot":{"x":5.960464477539063e-8,"y":1.0,"z":0.19999992847442628},"rotation":{"x":-0.13041457533836366,"y":-0.021241331472992898,"z":0.0028032101690769197,"w":-0.9912280440330505},"size":4.041658401489258,"orthographic":false}