{"cameraMode":{"drawMode":0,"name":"Shaded","section":"Shading Mode"},"sceneLighting":false,"audioPlay":false,"sceneViewState":{"showFog":true,"showMaterialUpdate":true,"showSkybox":true,"showFlares":true,"showImageEffects":true,"showParticleSystems":true},"in2DMode":false,"pivot":{"x":-31.627830505371095,"y":-0.04000043869018555,"z":-0.08714485168457031},"rotation":{"x":0.2771016061306,"y":0.28323689103126528,"z":-0.08586622029542923,"w":0.9141218066215515},"size":114.3153076171875,"orthographic":false}