{"cameraMode":{"drawMode":0,"name":"Shaded","section":"Shading Mode"},"sceneLighting":false,"audioPlay":false,"sceneViewState":{"showFog":true,"showMaterialUpdate":true,"showSkybox":true,"showFlares":true,"showImageEffects":true,"showParticleSystems":true},"in2DMode":false,"pivot":{"x":2.0448946952819826,"y":5.525185585021973,"z":1.144010066986084},"rotation":{"x":0.0707552582025528,"y":0.3864014744758606,"z":-0.02975275181233883,"w":0.919131338596344},"size":12.778525352478028,"orthographic":false}