{"cameraMode":{"drawMode":0,"name":"Shaded","section":"Shading Mode"},"sceneLighting":false,"audioPlay":false,"sceneViewState":{"showFog":true,"showMaterialUpdate":true,"showSkybox":true,"showFlares":true,"showImageEffects":true,"showParticleSystems":true},"in2DMode":false,"pivot":{"x":-3.654620409011841,"y":-0.7538634538650513,"z":7.154160499572754},"rotation":{"x":-0.13768133521080018,"y":0.05740443617105484,"z":-0.007986243814229966,"w":-0.9887795448303223},"size":12.384846687316895,"orthographic":false}