{"cameraMode":{"drawMode":0,"name":"Shaded","section":"Shading Mode"},"sceneLighting":false,"audioPlay":false,"sceneViewState":{"showFog":true,"showMaterialUpdate":true,"showSkybox":true,"showFlares":true,"showImageEffects":true,"showParticleSystems":true},"in2DMode":false,"pivot":{"x":0.9213211536407471,"y":0.496457576751709,"z":0.6243600845336914},"rotation":{"x":-0.2623034417629242,"y":0.42581939697265627,"z":-0.13046284019947053,"w":-0.856069028377533},"size":2.4646501541137697,"orthographic":false}