{"cameraMode":{"drawMode":0,"name":"Shaded","section":"Shading Mode"},"sceneLighting":false,"audioPlay":false,"sceneViewState":{"showFog":true,"showMaterialUpdate":false,"showSkybox":true,"showFlares":true,"showImageEffects":true,"showParticleSystems":true},"in2DMode":false,"pivot":{"x":0.541015625,"y":1.0166015625,"z":1.873779296875},"rotation":{"x":-0.006469948682934046,"y":0.7190423011779785,"z":-0.00669262558221817,"w":-0.6949040293693543},"size":4.829275608062744,"orthographic":true}