{"cameraMode":{"drawMode":0,"name":"Shaded","section":"Shading Mode"},"sceneLighting":false,"audioPlay":false,"sceneViewState":{"showFog":true,"showMaterialUpdate":true,"showSkybox":true,"showFlares":true,"showImageEffects":true,"showParticleSystems":true},"in2DMode":false,"pivot":{"x":2.138949394226074,"y":-0.23380661010742188,"z":1.2751026153564454},"rotation":{"x":-0.13657040894031526,"y":-0.8105757236480713,"z":0.2089812308549881,"w":-0.5297569632530212},"size":19.23042869567871,"orthographic":false}