{"cameraMode":{"drawMode":0,"name":"Shaded","section":"Shading Mode"},"sceneLighting":true,"audioPlay":false,"sceneViewState":{"showFog":true,"showMaterialUpdate":true,"showSkybox":true,"showFlares":true,"showImageEffects":true,"showParticleSystems":true},"in2DMode":false,"pivot":{"x":579.4254150390625,"y":283.314208984375,"z":197.67864990234376},"rotation":{"x":0.060313086956739429,"y":0.02418241649866104,"z":-0.0014686236390843988,"w":0.997885525226593},"size":534.84521484375,"orthographic":true}