{"cameraMode":{"drawMode":0,"name":"Shaded","section":"Shading Mode"},"sceneLighting":false,"audioPlay":false,"sceneViewState":{"showFog":true,"showMaterialUpdate":true,"showSkybox":true,"showFlares":true,"showImageEffects":true,"showParticleSystems":true},"in2DMode":false,"pivot":{"x":582.5221557617188,"y":301.85308837890627,"z":131.6922607421875},"rotation":{"x":0.05730193480849266,"y":0.02986062318086624,"z":-0.0017217518761754037,"w":0.9979087710380554},"size":633.8218383789063,"orthographic":false}