{"cameraMode":{"drawMode":0,"name":"Shaded","section":"Shading Mode"},"sceneLighting":false,"audioPlay":false,"sceneViewState":{"showFog":true,"showMaterialUpdate":true,"showSkybox":true,"showFlares":true,"showImageEffects":true,"showParticleSystems":true},"in2DMode":false,"pivot":{"x":-5.759063720703125,"y":-2.728250503540039,"z":7.126143455505371},"rotation":{"x":-0.20871774852275849,"y":0.5574772953987122,"z":-0.14729176461696626,"w":-0.7899121642112732},"size":12.700289726257325,"orthographic":false}