{"cameraMode":{"drawMode":0,"name":"Shaded","section":"Shading Mode"},"sceneLighting":false,"audioPlay":false,"sceneViewState":{"showFog":true,"showMaterialUpdate":true,"showSkybox":true,"showFlares":true,"showImageEffects":true,"showParticleSystems":true},"in2DMode":false,"pivot":{"x":-4.863263130187988,"y":1.0148717164993287,"z":-7.247701168060303},"rotation":{"x":0.012759068049490452,"y":-0.9783782362937927,"z":0.06350324302911759,"w":0.19641955196857453},"size":16.524511337280275,"orthographic":false}