{"cameraMode":{"drawMode":0,"name":"Shaded","section":"Shading Mode"},"sceneLighting":false,"audioPlay":false,"sceneViewState":{"showFog":true,"showMaterialUpdate":true,"showSkybox":true,"showFlares":true,"showImageEffects":true,"showParticleSystems":true},"in2DMode":false,"pivot":{"x":614.5645751953125,"y":276.3343505859375,"z":-1.72552490234375},"rotation":{"x":0.08232121169567108,"y":0.10287570208311081,"z":-0.008550861850380898,"w":0.9912450313568115},"size":378.170166015625,"orthographic":false}